time,x,y,yaw
1774687590.744542,17.420491013599026,2.769753666068258,0.03213744226428083
1774687590.7946413,17.422573506512048,2.76982049083834,0.03179015190840051
1774687590.8446126,17.426229000204195,2.7699369528961744,0.031138972823270272
1774687590.8946035,17.431181546361252,2.770092169981246,0.030211748313224266
1774687590.94456,17.43728821239721,2.7702782837444127,0.029026616695199348
1774687590.9945886,17.444494738242298,2.770489126924403,0.027593442346914188
1774687591.0446405,17.45278287298418,2.7707186965460315,0.025918588272104692
1774687591.0946028,17.46214378066807,2.7709604913936063,0.024007687224721245
1774687591.1446471,17.47261441977857,2.7712083797911684,0.02185932406864355
1774687591.1945682,17.484184377345713,2.771454322386783,0.019478548171821593
1774687591.2446115,17.49691626065219,2.7716909912447023,0.016858745085614132
1774687591.2945602,17.510789300255475,2.771908528751305,0.014005150960498815
1774687591.3445296,17.525842730519475,2.7720972986996077,0.010913585432165807
1774687591.394583,17.54211111999251,2.7722463875859815,0.007579491338323141
1774687591.4445994,17.559576021183645,2.7723433877984816,0.004006446605658187
1774687591.4945931,17.57824854374562,2.7723753760654675,0.0001934468158943936
1774687591.5445955,17.598146058323167,2.7723283930227165,-0.0038619715769736547
1774687591.59454,17.619250469376563,2.772187612325645,-0.008156626228266628
1774687591.6446092,17.641636461395297,2.7719364802102424,-0.012703066673880324
1774687591.6945589,17.665211673986928,2.771559008945113,-0.017486260328553715
1774687591.7445865,17.690059614512222,2.7710362250926615,-0.022520130988043174
1774687591.7945297,17.716109651430276,2.7703507196537114,-0.027793209353904388
1774687591.84456,17.743443178460915,2.769480658629773,-0.03331961539655737
1774687591.8945246,17.771985870512054,2.7684074323292958,-0.03908731936522836
1774687591.9445844,17.80182150153984,2.767106135212529,-0.045111201633002196
1774687591.9945455,17.832842926881796,2.7655585703327805,-0.051373393366464626
1774687592.0446002,17.86515809337458,2.763735922553153,-0.05789304362080693
1774687592.0945528,17.89864763969056,2.761620122503103,-0.06465008815559203
1774687592.1446164,17.93344153387993,2.7591775826478124,-0.07166790224688713
1774687592.1945302,17.9693665075272,2.7563938544810034,-0.07891678485756114
1774687592.2445176,18.00656640295017,2.7532313011635776,-0.08642254987477216
1774687592.2945313,18.045007463466867,2.7496633373780934,-0.0941807789740099
1774687592.3445413,18.08466395216398,2.7456626300200515,-0.10218798834208041
1774687592.3945422,18.125525399149343,2.7411999301221273,-0.11044329828270305
1774687592.4445245,18.167577363986286,2.736245713124125,-0.1189451771940635
1774687592.4945323,18.21084854010488,2.7307644471994794,-0.12768380296864912
1774687592.5445495,18.255319582075533,2.7247305117837977,-0.13627698234775473
1774687592.5946705,18.301068810661697,2.7181173451310587,-0.14477964636880847
1774687592.644583,18.34781473955589,2.71094876957097,-0.15318656238057216
1774687592.6945546,18.39578568560885,2.70317311710487,-0.16156689249679257
1774687592.7445357,18.4449320337416,2.69477676907338,-0.16993026428593572
1774687592.7945619,18.49322071430622,2.6860219637074545,-0.17829215242224583
1774687592.844568,18.54109307239952,2.676890859756045,-0.18664704421476988
1774687592.8945627,18.588830723690307,2.6673644828556013,-0.19497937506208318
1774687592.9445841,18.636607596436907,2.657425487113862,-0.20328499143878442
1774687592.9945846,18.68443545026238,2.647077675043999,-0.2116049243480247
1774687593.0445654,18.732330620569556,2.636316316500308,-0.2199669257967014
1774687593.094552,18.780310397227392,2.6251427098245017,-0.22765096787190897
1774687593.1446133,18.82843052777537,2.6135765170082337,-0.23475113598021968
1774687593.194526,18.876456117296964,2.601699718206017,-0.24128595237556594
1774687593.2445803,18.924655766028827,2.589468496806082,-0.24733440139122284
1774687593.294561,18.972800295987586,2.576956250749672,-0.2531439304934229
1774687593.344594,19.020995556804248,2.56413395281851,-0.2592593365423568
1774687593.394606,19.069148212848432,2.5510050077864497,-0.26559358947031037
1774687593.444646,19.117289247386964,2.5375489456642772,-0.272075422773523
1774687593.4945471,19.16524401012619,2.523809476488793,-0.27862931624918197
1774687593.5445895,19.213274458145023,2.50970877090618,-0.28525952521758136
1774687593.5945313,19.261135236010432,2.495316300310802,-0.2919099285268616
1774687593.6445715,19.309012714242535,2.480575373422169,-0.2985927025072188
1774687593.6945806,19.356773832223563,2.4655253064025797,-0.3052796048333395
1774687593.7445583,19.404414017656375,2.450167164528836,-0.3120077378071926
1774687593.79461,19.452028756708458,2.434466030210588,-0.3188348815384088
1774687593.8445904,19.499472230099627,2.4184645229666173,-0.32572328636569736
1774687593.8946147,19.546850520761495,2.4021233141209706,-0.33267265864252016
1774687593.944605,19.594084843781964,2.385466253665729,-0.3396604288574565
1774687593.9945505,19.641161211504027,2.3684966847374174,-0.3466759216803444
1774687594.0445838,19.688202076570953,2.3511678647778425,-0.35372995717382416
1774687594.0945275,19.735034793779292,2.3335414588723276,-0.3607917858438677
1774687594.1445603,19.781825730673603,2.31555351530342,-0.36788053757952044
1774687594.1945965,19.828490140571787,2.2972341903651188,-0.3749792183212093
1774687594.2445471,19.87494193974475,2.2786171683803156,-0.3820859841869861
1774687594.2945063,19.921267130784624,2.2596662604073745,-0.38929088423386426
1774687594.3445604,19.967540490558555,2.240343739284061,-0.3965882219469567
1774687594.3946035,20.01365839689192,2.2206874484304526,-0.40394547149775084
1774687594.4445732,20.059560241721,2.200721207633567,-0.41134012951195054
1774687594.494504,20.10527599766903,2.18043110670913,-0.4187662281862612
1774687594.544511,20.150907831646695,2.1597694654030573,-0.426231534839951
1774687594.5945587,20.196418262218398,2.1387501457670837,-0.4337236074735165
1774687594.6445868,20.241749687009083,2.117398300251786,-0.44122723855330825
1774687594.694565,20.2868719364626,2.0957283022520823,-0.44873165801824655
1774687594.7446055,20.33188459664785,2.073691816633661,-0.4562475764036101
1774687594.7945154,20.376610030434346,2.0513750256253576,-0.4638248651842485
1774687594.8445585,20.42128210810185,2.02865642229509,-0.47150147502155093
1774687594.8945343,20.46571499060007,2.00562496249937,-0.4792286046341019
1774687594.9445398,20.50999219182198,1.9822350857435653,-0.4870057638891998
1774687594.99454,20.554078629914763,1.9585027753597686,-0.49481581031644245
1774687595.0445733,20.598005111054366,1.9344095474436909,-0.5026551436748754
1774687595.09458,20.641715354006536,1.9099849834372833,-0.5105065351841356
1774687595.144526,20.685177706295597,1.8852472933560365,-0.5183576111382049
1774687595.1945696,20.728527305393005,1.8601188618982178,-0.5262262206351496
1774687595.2445643,20.77163050207759,1.8346703684382,-0.534428048419306
1774687595.2946234,20.814573762795906,1.8088293783802258,-0.5429415087195979
1774687595.3445606,20.857185798421746,1.7826823009502033,-0.5517111022656973
1774687595.3945684,20.899622462846313,1.7561195056348533,-0.560751121966562
1774687595.4445202,20.941765498473774,1.7291999963775,-0.5700308275812791
1774687595.4945865,20.983749005030106,1.7018232319846103,-0.5795730772816201
1774687595.544578,21.0254023645699,1.6740849701013083,-0.5893425415403065
1774687595.5946016,21.06680789205119,1.6459232231530045,-0.5989986176612803
1774687595.6446304,21.10794362972999,1.6173619103744021,-0.608506005051566
1774687595.6945622,21.148726252521055,1.5884689750350505,-0.6178801815209605
1774687595.7446406,21.189354543868124,1.5591087574041427,-0.6271883415146254
1774687595.79454,21.229560332121267,1.5294771409984231,-0.6364735288574
1774687595.8445914,21.269608101172253,1.4993782989197624,-0.6457961081741227
1774687595.8945713,21.309312337535502,1.468948144158178,-0.6551037460209912
1774687595.944566,21.34873947960787,1.4381374035063708,-0.6644016876511163
1774687595.9945507,21.387866957873324,1.4069647162851882,-0.6736764111417912
1774687596.044646,21.42678623901465,1.375357542201557,-0.6829423048400747
1774687596.0945575,21.46526590567467,1.3435068849987761,-0.6921378408131461
1774687596.1446285,21.50357064112363,1.3111984317789425,-0.7013196353467901
1774687596.1945748,21.54147967986523,1.2786201036291216,-0.7104294833389116
1774687596.2445638,21.57912083307386,1.2456682589359978,-0.7194924172982522
1774687596.2945502,21.616457562776567,1.2123773255736074,-0.7285347501597443
1774687596.344555,21.653502785787346,1.1787362515693542,-0.7376057654706654
1774687596.3945744,21.69024962155637,1.1447493034147298,-0.746687428921574
1774687596.4445572,21.726657800015477,1.110454373077915,-0.75575448147828
1774687596.4945128,21.762732596517722,1.0758493857532898,-0.7647965316281589
1774687596.544532,21.798537708592832,1.0408749724033048,-0.7738207987835337
1774687596.5945945,21.83405525490107,1.0055490022805262,-0.7828158183136282
1774687596.6445472,21.869176271625214,0.9699839503569909,-0.7917474682457031
1774687596.6945245,21.903995420674086,0.9340898174868906,-0.800634423732351
1774687596.7445385,21.938519469704346,0.8978621328430216,-0.8094738766696644
1774687596.794574,21.972736672229164,0.8613161330874917,-0.818258331490048
1774687596.8445442,22.006586782036592,0.8245195676888268,-0.8270552396705799
1774687596.8945408,22.04012896675348,0.7874071318641126,-0.8358741604999276
1774687596.9445522,22.073351718250528,0.7499897066114092,-0.8446959173551369
1774687596.994635,22.10628965414573,0.7122272726781075,-0.8535173562769928
1774687597.0446966,22.138879203733012,0.674192967964038,-0.862311916947315
1774687597.094564,22.171008725605553,0.6360237477147579,-0.8710411455995581
1774687597.144557,22.202884887251894,0.5974794309639009,-0.8797552184636318
1774687597.194576,22.23444086470757,0.5586400253381906,-0.8884309418101224
1774687597.2445028,22.265601941363006,0.5196022422266543,-0.8970424198317586
1774687597.2945538,22.296503239578097,0.48020074742410424,-0.9056230381789979
1774687597.3445385,22.32702527088398,0.4405893231289232,-0.914176076501303
1774687597.3945348,22.357214172166856,0.40070956896101345,-0.9227610466863064
1774687597.4445534,22.387080570225518,0.3605608146513381,-0.9306619499177141
1774687597.49456,22.41662655629269,0.32019125902766227,-0.938401083376414
1774687597.5445945,22.445875540937777,0.2795720214733787,-0.9462573592833459
1774687597.594602,22.47478740897439,0.2387457278940021,-0.9541860414917412
1774687597.644641,22.503391046212045,0.1976654286612615,-0.9621583502495579
1774687597.694564,22.531600469597105,0.1564544582883358,-0.9701234595428719
1774687597.7446074,22.559548240020874,0.11492058428428305,-0.978101890770418
1774687597.7945971,22.587135221917666,0.07321114981464133,-0.9860523579443896
1774687597.8445797,22.61438749039774,0.031291291334058134,-0.9939732064922365
1774687597.8946006,22.64132866993847,-0.010874072307026148,-1.0019202798299949
1774687597.944622,22.667935039457486,-0.053251767553982074,-1.0099163912347158
1774687597.9945474,22.694152365135334,-0.09575781550722211,-1.0179283138900503
1774687598.0446362,22.720113801215042,-0.13861154509284976,-1.0259826042677735
1774687598.094595,22.745664240105256,-0.18155972637945786,-1.0340207186332253
1774687598.1445417,22.77086417020159,-0.22470013339121578,-1.0420529978871307
1774687598.194576,22.795761667094556,-0.2681163992473002,-1.0500884009711502
1774687598.244538,22.820275708668756,-0.3116671185716973,-1.0580953830182305
1774687598.2945793,22.8444796993652,-0.35548089714119024,-1.0660929085899324
1774687598.3445613,22.868305713313248,-0.39943367107993727,-1.0740540597977488
1774687598.3945258,22.891773733635947,-0.44355803828353557,-1.0819988171140977
1774687598.4445353,22.914911169674387,-0.4879074974377316,-1.0900099199355602
1774687598.4945805,22.937708211274646,-0.5324726723848799,-1.0980689966835473
1774687598.5445836,22.96012610083878,-0.57718215089591,-1.1061468838587114
1774687598.5945685,22.982174040389353,-0.6220546343834426,-1.114234756041709
1774687598.6445417,23.003853460686326,-0.6670930711378028,-1.1223238487119138
1774687598.6945817,23.025196538562046,-0.712365751781211,-1.1304189425873181
1774687598.744548,23.046141863180413,-0.7577419023817702,-1.1384906971694218
1774687598.7945302,23.066727203876848,-0.8032997491251049,-1.1465476949585907
1774687598.8445911,23.08697684467865,-0.8490937416057194,-1.1545947415943996
1774687598.8945081,23.106800839794026,-0.894916394964824,-1.162591051824124
1774687598.9444883,23.12628180718772,-0.9409545167760583,-1.1706425797159403
1774687598.9945996,23.14543999472013,-0.9872695572374979,-1.1787654535398555
1774687599.0445802,23.164171392616726,-1.0336173843798473,-1.1868999589243918
1774687599.0946107,23.18254272900097,-1.0801628328576405,-1.1950609571257584
1774687599.1445053,23.20048458244266,-1.1267293292206826,-1.203207211747531
1774687599.1945913,23.21811338182885,-1.173620008574388,-1.211383069367798
1774687599.2446113,23.23533535464166,-1.2205907805988354,-1.2195395501341724
1774687599.2945194,23.252136391988877,-1.2675946974849108,-1.22766286608877
1774687599.3445945,23.268609861575865,-1.3148914131890879,-1.235792612787834
1774687599.3947186,23.284718167621453,-1.3623650479595433,-1.2435826379189114
1774687599.4445858,23.300377373112983,-1.4097179528707027,-1.251342735772444
1774687599.494622,23.315719919069544,-1.4573519022624957,-1.2591398378452625
1774687599.5445902,23.33066957051544,-1.5050390677034708,-1.2669252900770436
1774687599.5945544,23.345244582173507,-1.5528377668472275,-1.2747838448280624
1774687599.6446002,23.359464796091903,-1.6008282705141774,-1.282706035876155
1774687599.6945398,23.373274032410002,-1.648827675239409,-1.2906409333206816
1774687599.7445524,23.38672108820775,-1.6970057493253532,-1.2986018171538805
1774687599.7946382,23.39980302404499,-1.7453597447897529,-1.3065772624329068
1774687599.8446445,23.412479399394844,-1.7937396480029946,-1.3145343418691309
1774687599.894569,23.42475116291297,-1.84213857896153,-1.3224653956346357
1774687599.9446652,23.436680164503795,-1.8908003178111774,-1.3304047959958822
1774687599.9945467,23.448174327514362,-1.9393456057725342,-1.3382858307729266
1774687600.0446177,23.459328354305754,-1.9881644852826708,-1.3461676356444654
1774687600.094597,23.470077694426173,-2.0369802467818925,-1.354066654820229
1774687600.1446223,23.480449791989493,-2.08592396651836,-1.3620235684655788
1774687600.1946166,23.490425398202277,-2.134918599131251,-1.370008892391429
1774687600.2446525,23.500016907621404,-2.1840319912168074,-1.3780194411331057
1774687600.2946112,23.509200611356107,-2.2331446711705105,-1.3860251832427277
1774687600.34461,23.517998030958797,-2.282368587562034,-1.3940359612730995
1774687600.394598,23.52639936177026,-2.331650501475325,-1.4020364425406437
1774687600.444534,23.534398455946544,-2.380946717755162,-1.410013879346611
1774687600.4945948,23.542023189923675,-2.430428299944423,-1.4179908338991958
1774687600.5446205,23.54924832020046,-2.4799342588603066,-1.4259367839006412
1774687600.5946298,23.55607768385891,-2.5294793679542305,-1.4338764033910916
1774687600.6445522,23.562501651248393,-2.5789913602314063,-1.441861150045157
1774687600.6945548,23.56853848402577,-2.628632438428231,-1.4499003389410599
1774687600.7446263,23.574182691328296,-2.6783892187909233,-1.4579757163957063
1774687600.794546,23.579408767058496,-2.7280385809151717,-1.4660393773186207
1774687600.8445845,23.58424540100755,-2.7778469221032926,-1.4741249544122024
1774687600.8946311,23.588679737437975,-2.8277009284718297,-1.482206821464027
1774687600.9446278,23.59270716536588,-2.8775387998982325,-1.4902688408254448
1774687600.9945912,23.596330657712066,-2.9273744805754847,-1.4983078363398836
1774687601.0445971,23.59955639022989,-2.97728014674731,-1.506330583875759
1774687601.094573,23.60237487897492,-3.0271801384829873,-1.5146996060685463
1774687601.1445706,23.604770145250725,-3.0771238595578025,-1.5233790411809942
1774687601.194548,23.606724857779582,-3.1270665807405216,-1.5323332692412999
1774687601.2445898,23.60823096498731,-3.177089363104454,-1.541390482025021
1774687601.2945297,23.60928307349775,-3.2270215894172463,-1.5503285339956174
1774687601.3445537,23.609892002439107,-3.277045483538044,-1.55919602940914
1774687601.3946145,23.610059107126954,-3.3271093041646833,-1.568003950049652
1774687601.4445999,23.609786818386258,-3.377097166776278,-1.5767435982560207
1774687601.4945538,23.60907849751843,-3.42704910205942,-1.585427093468969
1774687601.5445302,23.607934735369785,-3.477015520024639,-1.5941172673181436
1774687601.5945458,23.606352968588073,-3.5270093020442084,-1.602852875034392
1774687601.6445382,23.604332752152267,-3.5769635477326958,-1.611607598374723
1774687601.6945674,23.601870766835948,-3.6269352979226137,-1.6203775776001665
1774687601.7445996,23.598968213006625,-3.676885927232457,-1.6291453884694096
1774687601.794539,23.595632461785655,-3.726716742062147,-1.6378851976917457
1774687601.8445766,23.591852374883,-3.7766141302578937,-1.6466224192967782
1774687601.8945265,23.587642955341817,-3.8263890195206867,-1.655317979117806
1774687601.9446142,23.5829869406437,-3.876262490943891,-1.6640050244595221
1774687601.9946342,23.5779041235731,-3.9260263877498907,-1.6726422852593854
1774687602.0446115,23.57239610308533,-3.9757015844751615,-1.681239071546995
1774687602.094537,23.566466081956815,-4.025276334709617,-1.6898735558512668
1774687602.1446145,23.560087004401034,-4.074948351583792,-1.6985638663717046
1774687602.1946077,23.55328679475027,-4.1244794983689905,-1.7072516934823248
1774687602.244541,23.54606477934456,-4.173890026292552,-1.7159280810238018
1774687602.2945492,23.53840250050256,-4.223310200315165,-1.7246064067434976
1774687602.3445678,23.530309995102037,-4.272671990920918,-1.7332672661469766
1774687602.3945491,23.521797051680913,-4.321925115062501,-1.7418955551668065
1774687602.4446115,23.512845249850514,-4.371182998927348,-1.7505058297855567
1774687602.4945772,23.503488694975694,-4.420266638119872,-1.759061817686998
1774687602.5445902,23.493703940105338,-4.469315333717247,-1.767583524964558
1774687602.594554,23.483511722059465,-4.518230540904691,-1.7761147386042253
1774687602.6446202,23.4728800091155,-4.567156679305138,-1.784699846901052
1774687602.6945612,23.461855941563304,-4.6158678617345155,-1.7932824596049495
1774687602.7445786,23.450396582661675,-4.664556533336733,-1.801882582384047
1774687602.7945585,23.43852806525847,-4.713108583827217,-1.8104695703837406
1774687602.844529,23.426245961232638,-4.7615479847144995,-1.8190395055616728
1774687602.8945968,23.41352493982765,-4.809974534549942,-1.8276035209705948
1774687602.9446259,23.40040994920145,-4.858255316294464,-1.83546965534366
1774687602.9946299,23.386934560209948,-4.9064109381557905,-1.8427252818570679
1774687603.0445917,23.37312649296426,-4.954427922339469,-1.8499353111206007
1774687603.0945692,23.35896667043292,-5.002358901799197,-1.8572804159577039
1774687603.1445725,23.344444862631516,-5.050208368256857,-1.8647115814633561
1774687603.194627,23.329550502914337,-5.097996677311876,-1.8721883780226074
1774687603.244582,23.314328781390273,-5.145577337468764,-1.8796875978072654
1774687603.2946067,23.298728272246496,-5.193108458777734,-1.8872797708558176
1774687603.3445656,23.28278883687499,-5.240457700504401,-1.8949171537646428
1774687603.3945768,23.266472560724807,-5.287733531852951,-1.90259633024746
1774687603.4445899,23.249795311014157,-5.334884954161257,-1.9102940137840778
1774687603.494634,23.232747458249065,-5.381936977616594,-1.9180037756650332
1774687603.5445797,23.21537476255458,-5.42876487442403,-1.9256972736435998
1774687603.5945954,23.19762023798779,-5.475524300488668,-1.9333939227732344
1774687603.6445923,23.17951603812772,-5.522129036041729,-1.9410744218460056
1774687603.6945627,23.161066851336624,-5.5685699080926625,-1.9487327850217742
1774687603.7445898,23.142243487776746,-5.61492146837576,-1.956377295078295
1774687603.7945867,23.123078986599477,-5.661100029556232,-1.9640811727121095
1774687603.8446014,23.103552503079506,-5.70714645994161,-1.9718432692214372
1774687603.894608,23.083672830586465,-5.753032334480624,-1.9796419872423223
1774687603.9445307,23.06347048941028,-5.798685473183879,-1.9874521506819511
1774687603.9945378,23.04287791539421,-5.844256424244454,-1.9952893494221267
1774687604.04459,23.021910274533635,-5.8897058789594565,-2.003139333679478
1774687604.0945725,23.000617012717267,-5.934926405552969,-2.0109773605480106
1774687604.1446052,22.978948697878856,-5.980024126793337,-2.018815989582832
1774687604.1946042,22.956942904199938,-6.024920700626697,-2.0266366940802336
1774687604.2445898,22.93459309925243,-6.069632193640975,-2.034437505297024
1774687604.2945554,22.911904196318442,-6.114149928274138,-2.0422624114047125
1774687604.344573,22.888842618215467,-6.15853428220422,-2.050153456977403
1774687604.3945444,22.865452148990524,-6.202694023646806,-2.0580784888660717
1774687604.4445345,22.8417027497741,-6.246682971856652,-2.066032718661896
1774687604.4945722,22.8175805783339,-6.2905228478380115,-2.0740091889353343
1774687604.5445256,22.793150387026106,-6.334095505916228,-2.08197809929433
1774687604.5946047,22.768310940749195,-6.377580932880843,-2.089964971428124
1774687604.6445534,22.74319072626804,-6.420753820906197,-2.0979228307648223
1774687604.69461,22.717672410980036,-6.463818252826458,-2.1058834989524433
1774687604.7445517,22.691867333941673,-6.506576865956524,-2.114172986225259
1774687604.794642,22.665624682340106,-6.549243338181806,-2.1227911176433025
1774687604.8445995,22.63908054637518,-6.591566363222146,-2.131664714498155
1774687604.8945735,22.6121484230464,-6.633662867803827,-2.14079997855012
1774687604.9446063,22.584796079280277,-6.675558394238584,-2.1501936520147606
1774687604.994615,22.557060957556462,-6.717172242141372,-2.159825287160222
1774687605.04458,22.52894719234782,-6.758478396122733,-2.169687481010653
1774687605.0945523,22.50041930045806,-6.799508712067272,-2.1797873874506593
1774687605.1446216,22.471421256850764,-6.840327316960034,-2.189842281799556
1774687605.1944938,22.442131118339255,-6.880693408983041,-2.199755017494463
1774687605.2445953,22.41230572322797,-6.9209513170626105,-2.2096317995668104
1774687605.294526,22.38218659694291,-6.960776143518971,-2.2194166826570667
1774687605.3446367,22.3515673471043,-7.0004451411990924,-2.2291848478467062
1774687605.3945925,22.320655532418346,-7.039689861978092,-2.23887640533591
1774687605.444608,22.28932483174336,-7.078677119780049,-2.2485312807184217
1774687605.4945812,22.257642893281762,-7.117325244923196,-2.2581277497761505
1774687605.544566,22.22558126653554,-7.155673950952081,-2.2676720152049676
1774687605.5946205,22.19310692911983,-7.193765553602613,-2.277170697250557
1774687605.644607,22.160314261907647,-7.231493535284241,-2.2866069729034697
1774687605.6945374,22.127202032401012,-7.268866438628883,-2.2959936380931234
1774687605.7445803,22.093663017367085,-7.306008294040763,-2.3053537141182594
1774687605.7945733,22.05980992549809,-7.342796581459288,-2.314647843850347
1774687605.8445675,22.025614550648214,-7.379268486008941,-2.323878299719827
1774687605.8945925,21.991062085258992,-7.415444772833916,-2.3330445695082216
1774687605.9446564,21.956152142203756,-7.451330228028624,-2.3421426250904203
1774687605.9945335,21.921048946386037,-7.486764537705479,-2.3511256622615804
1774687606.0445433,21.885535251720075,-7.521975807536819,-2.3600487085087942
1774687606.0945406,21.84971839644112,-7.556860896655033,-2.3688811133619145
1774687606.144564,21.813577067934013,-7.591447190449362,-2.3776257490989074
1774687606.1945589,21.777156695382438,-7.62569800406911,-2.3862692689337615
1774687606.244556,21.740441609829475,-7.659635776613217,-2.394813988288755
1774687606.2945335,21.703453979828254,-7.693247441358136,-2.4032531852201116
1774687606.344579,21.66613537442323,-7.726592762436803,-2.4115993587381754
1774687606.394582,21.62857359031408,-7.759599856652814,-2.4198305093553305
1774687606.444566,21.590763197993574,-7.792292577610348,-2.427409912431682
1774687606.494643,21.552643957190146,-7.824767691975313,-2.434423595654834
1774687606.544651,21.514358995173644,-7.856940211249228,-2.4408882558156915
1774687606.5946162,21.47590677043829,-7.888845151684208,-2.4469393761795866
1774687606.644571,21.437271635017392,-7.920512319625703,-2.453060949108842
1774687606.6946173,21.39837240039951,-7.9519998799068565,-2.4592256841677904
1774687606.7446072,21.35932465648481,-7.9832127578587295,-2.465360936013426
1774687606.7945788,21.32010246969999,-8.014176512290684,-2.4714389065140274
1774687606.8446062,21.280651643956716,-8.044939456903522,-2.477448860764381
1774687606.8945913,21.241054036825986,-8.075444178795946,-2.48336444105402
1774687606.9445565,21.201297375192254,-8.105707949016411,-2.489181092426962
1774687606.994648,21.161269325185792,-8.135822083393494,-2.4949130304767113
1774687607.0446115,21.121177188197446,-8.16563714680731,-2.5005254038969573
1774687607.094607,21.080897640558234,-8.19525270788695,-2.506037385610959
1774687607.1445725,21.040485081856836,-8.22463504451035,-2.511441332019448
1774687607.1945143,20.999938577695836,-8.25379166121583,-2.516738267189722
1774687607.2446246,20.959105249997357,-8.28283715119892,-2.5219506529773463
1774687607.2945635,20.918266148439937,-8.311577573633999,-2.5270396556554635
1774687607.3445477,20.87724848754253,-8.34014187244435,-2.532030715276288
1774687607.394531,20.836093805767135,-8.368506579623089,-2.536919655988438
1774687607.444686,20.794662821898143,-8.3967719592398,-2.5417250968660934
1774687607.494573,20.75332279659411,-8.424694238414649,-2.5464011121976657
1774687607.544582,20.7117548416226,-8.45249593160581,-2.550989564366079
1774687607.594584,20.670068912154886,-8.480108230833263,-2.5554781816397014
1774687607.6445856,20.628263461315456,-8.507537959587115,-2.559867881395438
1774687607.6945264,20.586392210985387,-8.534756089649381,-2.5641537358831332
1774687607.744546,20.54434151828248,-8.561841971461076,-2.568349860102438
1774687607.7945745,20.502173183319986,-8.58876073261898,-2.572450142957804
1774687607.8446362,20.459869731570038,-8.61552881169543,-2.5764572138442072
1774687607.8945544,20.417584011236123,-8.642055949115019,-2.5803563280552475
1774687607.9445837,20.37510338225698,-8.668481170768372,-2.584170949595354
1774687607.9945548,20.332574887968587,-8.694718125509906,-2.5878873288218602
1774687608.0446134,20.28987353436676,-8.720840986483879,-2.5919936458905157
1774687608.0945978,20.247126908141528,-8.74674728988221,-2.5964170631985284
1774687608.1445827,20.204264310868194,-8.772461975543436,-2.601125580033706
1774687608.1945958,20.161255846954244,-8.79798723380315,-2.6060972979201127
1774687608.244566,20.11815751871057,-8.823275772727106,-2.6113108732698165
1774687608.2946079,20.07486543358484,-8.848374535848867,-2.6167680405943274
1774687608.3445687,20.031507248575927,-8.873195923798926,-2.622449791436324
1774687608.3945794,19.987964601097957,-8.897794251553455,-2.62836642637938
1774687608.4445632,19.94430003740061,-8.922120014806067,-2.634510052228018
1774687608.4946096,19.900430523583445,-8.946205082549909,-2.64089070414067
1774687608.5445752,19.856478051029637,-8.96996844837328,-2.647494088757193
1774687608.5945797,19.812332955199675,-8.993455781693209,-2.654334507464266
1774687608.6445916,19.768019446777434,-9.016639384926457,-2.661410332850814
1774687608.6945596,19.723579221115955,-9.039483621834298,-2.6687167737960182
1774687608.7445607,19.678940624277455,-9.06201137568914,-2.676264653226803
1774687608.7945714,19.634121089348074,-9.084199085668029,-2.684052885112797
1774687608.8446136,19.589098177334,-9.106043216779645,-2.69208593534996
1774687608.8946104,19.54393807578668,-9.127497656366415,-2.70035441336288
1774687608.9446435,19.498567882671857,-9.148590114678893,-2.7084467511139594
1774687608.9946918,19.453014496626324,-9.169321319111715,-2.716228442061463
1774687609.044542,19.407482535487297,-9.18961717679915,-2.7237263295382856
1774687609.0945373,19.36166611228634,-9.209627823174001,-2.7310357622432995
1774687609.1445668,19.315671895984284,-9.229313543788368,-2.7381696934173254
1774687609.1945355,19.269592740073577,-9.248643354754531,-2.7451295218401004
1774687609.244576,19.223312071428257,-9.267674825261615,-2.751942848956741
1774687609.2945335,19.176977823715482,-9.286355372114409,-2.758592031332678
1774687609.3445745,19.130441346919355,-9.304754106598795,-2.7651020049837083
1774687609.3946433,19.083761116003686,-9.322862350428656,-2.7710111784702867
1774687609.4445941,19.03708705201839,-9.340657706056174,-2.776355104503513
1774687609.4945621,18.990304914398187,-9.358215181468651,-2.7811875387023925
1774687609.5445263,18.94344418529405,-9.375550943640194,-2.7855270618350616
1774687609.5945535,18.896451689582733,-9.392710730371801,-2.7893935105097203
1774687609.6446083,18.84936977952559,-9.409704420921354,-2.792788225710931
1774687609.6945841,18.802307480980318,-9.426518967464865,-2.795703540024705
1774687609.7445934,18.75516768440127,-9.443215776217588,-2.7981521784270478
1774687609.7945943,18.70799846148659,-9.459803869016136,-2.800128799083413
1774687609.84461,18.660786677953045,-9.476314308735608,-2.801633555733372
1774687609.8945575,18.613616324994336,-9.492737465334768,-2.80311056505026
1774687609.9446552,18.56628120890706,-9.509143306549358,-2.8046957459746036
1774687609.9945781,18.519086792005012,-9.525421785571913,-2.806307246045728
1774687610.0446324,18.471744281764416,-9.541673499424238,-2.807916803699417
1774687610.0945797,18.42448015944424,-9.557823502120156,-2.809482884293499
1774687610.1445096,18.377210962680785,-9.57390461782829,-2.8109947696583872
1774687610.1945345,18.32983128149175,-9.589956512911758,-2.812449065100574
1774687610.2446067,18.282387815354724,-9.605966826662037,-2.8138391465968717
1774687610.2945814,18.23501879695257,-9.621892561660951,-2.8151587312874167
1774687610.3445573,18.187631849910026,-9.63776807840949,-2.8164134785554387
1774687610.3945081,18.140252234992346,-9.65358776149914,-2.8176048401961866
1774687610.444545,18.092776030734385,-9.669388673328637,-2.8187388589212863
1774687610.4945707,18.045295684197274,-9.685142342677047,-2.819814894148335
1774687610.544558,17.9978379837923,-9.700842173594955,-2.820835070616561
1774687610.5946078,17.950307694034365,-9.716521573521254,-2.821805031255102
1774687610.6446114,17.90280886358774,-9.732148252645896,-2.8227244625586563
1774687610.6945724,17.855336473458536,-9.747719769115086,-2.823995658352941
1774687610.744619,17.80776306164246,-9.763257017128138,-2.82557280121255
1774687610.7946033,17.76022414964835,-9.778700037603148,-2.827398120299578
1774687610.8445814,17.712665079364015,-9.794059506947479,-2.829090590903449
1774687610.8945353,17.66510519018592,-9.809338036479996,-2.8306693707813584
1774687610.944579,17.617437802877845,-9.824575132782352,-2.832168966759013
1774687610.9946356,17.569736955612825,-9.839749951010957,-2.8336084117374325
1774687611.04458,17.52212265996862,-9.85482635508578,-2.834997550867764
1774687611.094597,17.474418920637614,-9.86986118769237,-2.8363500506428996
1774687611.1445756,17.426732351485274,-9.88482191438978,-2.8376680999724466
1774687611.1945736,17.379007701479278,-9.899726883777923,-2.8389564434964
1774687611.2445781,17.331258054477352,-9.91457305425797,-2.840216620209343
1774687611.2945714,17.2835006921984,-9.929356252687434,-2.8414492293441547
1774687611.344616,17.235676157366527,-9.944096018176388,-2.8426565180049095
1774687611.3945873,17.187903962302137,-9.958756932976714,-2.843835549062226
1774687611.4445744,17.140099467895677,-9.973366403859536,-2.8449887957468984
1774687611.4945858,17.092254922557053,-9.987928114542362,-2.846116573204925
1774687611.5445647,17.04442537330518,-10.002426760596945,-2.847217471426205
1774687611.5946262,16.996500723895885,-10.016897025805404,-2.8482942861663862
1774687611.6445413,16.94870104364942,-10.03127404976025,-2.84934160461137
1774687611.6945505,16.900796276249803,-10.045628517731945,-2.8503651653402677
1774687611.7445982,16.85284009108669,-10.059945553263827,-2.8513637360260105
1774687611.7945678,16.804944680133787,-10.07419314206611,-2.852334732963473
1774687611.8447206,16.756860058244524,-10.08844690779866,-2.8532839546176505
1774687611.8946347,16.70898959660287,-10.102582983167808,-2.8545860616320207
1774687611.9446132,16.661037180494827,-10.116669166042517,-2.856199968331251
1774687611.9946077,16.61304530664166,-10.13067703701285,-2.8580936169385267
1774687612.0446038,16.565023884774384,-10.144589993059114,-2.860246955591341
1774687612.0945919,16.516979384325438,-10.15839342845778,-2.862647460166411
1774687612.144579,16.46890177012024,-10.172077830839495,-2.865288117388534
1774687612.194591,16.4207631441958,-10.18563865496486,-2.868166094129414
1774687612.2445488,16.37263705590517,-10.199042738006742,-2.8712763970842112
1774687612.2945685,16.324408479940615,-10.212309561184318,-2.8746234851148915
1774687612.3446321,16.276092337109358,-10.225421675921558,-2.878207782287937
1774687612.3945694,16.227849860131613,-10.238322732776497,-2.882021034013606
1774687612.4446073,16.179459947325082,-10.251059413287619,-2.88607612140519
1774687612.4946308,16.131030588319796,-10.26358958335163,-2.890368577759757
1774687612.5445457,16.082652639609456,-10.275882345852432,-2.894563631600271
1774687612.5945666,16.0341208007135,-10.28799794238318,-2.89854887927981
1774687612.6445746,15.985553389488171,-10.299916763716178,-2.9023659012061978
1774687612.69466,15.936865118629287,-10.31166657127006,-2.906059379573029
1774687612.7445683,15.888305416980769,-10.323192402510266,-2.909635267996936
1774687612.7945313,15.839650721975877,-10.334552846287687,-2.913123268626315
1774687612.8446093,15.790843422820435,-10.345764433801655,-2.916535988891383
1774687612.8945243,15.742155889688359,-10.356768451399196,-2.9198576998931887
1774687612.9445825,15.693291485386572,-10.367637072875159,-2.923111003776131
1774687612.9946733,15.644358979424542,-10.378349266980994,-2.9262888921439787
1774687613.044629,15.595523881896312,-10.38887370892927,-2.9293792344289193
1774687613.0945857,15.546656781913395,-10.399252426413183,-2.9318272411791595
1774687613.1445615,15.49774730426227,-10.409523074343324,-2.933702630760707
1774687613.1945732,15.448785394674873,-10.41971706821774,-2.9350499379413466
1774687613.2446055,15.399791083906848,-10.429856617668008,-2.9358952618073566
1774687613.2946022,15.35082470681613,-10.439954510243624,-2.9362525711480907
1774687613.3445835,15.301871066619185,-10.450038895456087,-2.936132810685347
1774687613.3946638,15.252823355867204,-10.460156705042127,-2.9355435699110117
1774687613.4445384,15.203984114338816,-10.470265034186493,-2.9348259030053683
1774687613.494536,15.155032276086652,-10.480436882965524,-2.9339454804684113
1774687613.5445848,15.106040213274996,-10.490667323539459,-2.9328690232840495
1774687613.594549,15.057143576543165,-10.500940074698617,-2.9315758158362617
1774687613.6445918,15.008184994976434,-10.511301410481503,-2.9300539253177362
1774687613.694561,14.959316877581724,-10.521732399066332,-2.928294418955474
1774687613.7445936,14.910407416395929,-10.532274673274882,-2.926291101089126
1774687613.7945757,14.861571556231993,-10.542916883577277,-2.9240412587575824
1774687613.8446712,14.812651232924281,-10.553704360128334,-2.9217165780182106
1774687613.8946,14.763920511739164,-10.564576518190679,-2.919543106278674
1774687613.9445848,14.715160194599331,-10.575573597434492,-2.917478037729779
1774687613.994541,14.666452630350781,-10.586672361181886,-2.9154877267370267
1774687614.0446606,14.617609557020945,-10.597913191505132,-2.913544340868167
1774687614.0945032,14.569060569320571,-10.609195210045522,-2.911649784955193
1774687614.144612,14.520275849423436,-10.62063905447242,-2.9097807229380335
1774687614.194567,14.471664571303565,-10.632147695509504,-2.9079478847561298
1774687614.2445753,14.42302227107341,-10.6437575363608,-2.906768940990678
1774687614.2945628,14.37441339324483,-10.655416782094731,-2.9061690111536724
1774687614.3446352,14.325728232591864,-10.66712173124161,-2.906096078668713
1774687614.3945887,14.27715888117559,-10.678799638045476,-2.9065243141709822
1774687614.4446187,14.228510964412267,-10.690478062106578,-2.9069959511262025
1774687614.494545,14.179960386535354,-10.702118090110996,-2.907276817012238
1774687614.54457,14.131312791741404,-10.713775895147995,-2.90742625443124
1774687614.5945668,14.082692264596908,-10.725426001034293,-2.9075003343314476
1774687614.6446142,14.034022403967175,-10.737087464369537,-2.90753312639832
1774687614.694592,13.985420179553687,-10.74873172974132,-2.907546917853128
1774687614.7447045,13.93668615663793,-10.760405326914444,-2.9075531859647694
1774687614.7946155,13.888147623105027,-10.772028965747591,-2.9075610647667545
1774687614.8445954,13.83954090198755,-10.78366465615927,-2.9075729043081755
1774687614.8945441,13.79096363023351,-10.795288395127951,-2.9075910960427716
1774687614.9445183,13.742360148499113,-10.806912994205186,-2.9076161152421545
1774687614.994579,13.693671440946368,-10.818552245436846,-2.9076478527592937
1774687615.0445921,13.645027538665369,-10.830174907023077,-2.9076860478736157
1774687615.094564,13.59642238661237,-10.84178237373589,-2.9077298022031592
1774687615.144574,13.547778956574096,-10.853393084021002,-2.907778197868164
1774687615.1945238,13.499192749947238,-10.864984317621046,-2.907830443123759
1774687615.2445881,13.450493788578516,-10.876596802270502,-2.907885730691484
1774687615.2945507,13.401892559628184,-10.88818042419985,-2.907943319501046
1774687615.3445752,13.353232151639109,-10.899783078057798,-2.907311501159022
1774687615.3945332,13.304644814525663,-10.911404827789037,-2.9065134466650244
1774687615.444589,13.255971312990638,-10.923086451622758,-2.905817504139591
1774687615.4945402,13.207406532742251,-10.934773893472133,-2.905201285045141
1774687615.54474,13.158606569062055,-10.946546232408046,-2.904633927975846
1774687615.5945456,13.110195764859032,-10.958250846307246,-2.904100982770927
1774687615.6445951,13.061553925329957,-10.970037348737634,-2.903586314739606
1774687615.694595,13.012966217318448,-10.981836540224807,-2.903084684298633
1774687615.7446375,12.96434314423605,-10.993670291062154,-2.902591154914019
1774687615.79464,12.915764874644239,-11.005519123139278,-2.9021040515345726
1774687615.8446536,12.86718167046783,-11.017395170554583,-2.901621751275136
1774687615.8945541,12.818714449859886,-11.029268660310004,-2.9011448808695355
1774687615.944514,12.770195501342819,-11.041180545375274,-2.900671817407381
1774687615.9945853,12.721574148315986,-11.05314315984441,-2.900202166303732
1774687616.0446484,12.672966710162127,-11.065127607196704,-2.8997373189823343
1774687616.0945978,12.624475350844731,-11.07710822998303,-2.8992786521749223
1774687616.1445296,12.576007024257512,-11.089107595004679,-2.8988256554180207
1774687616.1945825,12.527426554263428,-11.10115888458473,-2.8983773721686297
1774687616.244566,12.478918989749818,-11.113215730740494,-2.897935905719327
1774687616.2945743,12.430392847300219,-11.12530045026812,-2.8975007311315046
1774687616.3445494,12.381904199485058,-11.137398611888747,-2.897072641919129
1774687616.3945699,12.333376813536448,-11.149528824522358,-2.8966511818710305
1774687616.4445698,12.284874483258276,-11.161674671444267,-2.896237160434585
1774687616.4945707,12.236374025325466,-11.173831380024392,-2.8965129802471763
1774687616.5446014,12.187839470753392,-11.18597505657728,-2.8970469666777423
1774687616.59461,12.139318694913962,-11.19808221445163,-2.897827560656465
1774687616.644526,12.090877161665622,-11.210124992157201,-2.898847234292125
1774687616.6945925,12.042276430449737,-11.22215090562685,-2.90010323231291
1774687616.7445831,11.99373318041458,-11.234093880539515,-2.901593274110041
1774687616.794556,11.94518856556013,-11.24595627290783,-2.903316742388922
1774687616.8446138,11.896539855863095,-11.257750543981125,-2.905275990466638
1774687616.8945537,11.847981511779869,-11.269416734130814,-2.9074682875267497
1774687616.9446492,11.799244872799179,-11.281006752765594,-2.9099007188976396
1774687616.9945505,11.750667937710835,-11.29242752130604,-2.9125353719988065
1774687617.044663,11.701854934288868,-11.303767043092812,-2.91500264166863
1774687617.0945504,11.653233392831714,-11.314935185227373,-2.917326115636695
1774687617.1445694,11.604457393560748,-11.326018243592891,-2.9195593825556223
1774687617.1945841,11.555660233127638,-11.336988467048126,-2.9217253688235427
1774687617.2445705,11.506866127876407,-11.347842627766155,-2.923838828384173
1774687617.2945356,11.458069113477084,-11.358584013062401,-2.925908781484111
1774687617.344564,11.409186872635278,-11.36923247355069,-2.9279431933773066
1774687617.394598,11.36027620792544,-11.379777167032998,-2.929941842802826
1774687617.4445684,11.311405714721891,-11.390205522742384,-2.93190219490804
1774687617.4946182,11.262436245262556,-11.400549704896337,-2.9338294315973594
1774687617.5446064,11.213508287579202,-11.410791248103052,-2.935096278460098
1774687617.5946085,11.164553191419408,-11.420972100175677,-2.9364042821542933
1774687617.644569,11.115625000397875,-11.43107623391458,-2.9377578374618682
1774687617.6945963,11.06661674567175,-11.44112326212076,-2.939133348001673
1774687617.744582,11.017634848666699,-11.451090991288472,-2.9405073480342834
1774687617.794568,10.968638432342448,-11.460989130771482,-2.941868505459104
1774687617.8445594,10.91962303608094,-11.470820378434746,-2.9432089579443543
1774687617.8946033,10.87054322050046,-11.480595807563317,-2.944525061129875
1774687617.9445887,10.821507633629139,-11.49029571258759,-2.9458103711920596
1774687617.9945624,10.772471474412324,-11.49993126264903,-2.947064550934019
1774687618.0445936,10.723367211364195,-11.509517688428227,-2.948288629538551
1774687618.0946383,10.674238256924518,-11.519048169622021,-2.9494807954888103
1774687618.1446536,10.625127194604678,-11.528516287506845,-2.950639708801549
1774687618.1946044,10.576069042919036,-11.537917226070114,-2.9517646543572416
1774687618.2445657,10.526990167015864,-11.547267000570326,-2.9528579504120125
1774687618.2946093,10.477820814367448,-11.556580412586692,-2.953921641306209
1774687618.3445978,10.42869611742367,-11.565833302541273,-2.954952608627744
1774687618.3946297,10.379519469999698,-11.575045581263655,-2.955953603017043
1774687618.4446018,10.330392957577246,-11.584199633207259,-2.956922703019789
1774687618.4945297,10.281301385737656,-11.593300008323489,-2.9578608259691705
1774687618.5445204,10.232139845718493,-11.60236769147711,-2.95877082876682
1774687618.5945933,10.182889824806304,-11.611407320660843,-2.9596534133631898
1774687618.644562,10.133734578025422,-11.62038798058463,-2.9604138462736254
1774687618.6945834,10.084521307513961,-11.629342744595395,-2.9611638055120926
1774687618.7446375,10.035269441256212,-11.638267987916516,-2.9619038017106627
1774687618.7945635,9.986137017266953,-11.6471355333918,-2.962626875329999
1774687618.8445854,9.936904392104429,-11.65598591617898,-2.9633343011143025
1774687618.8945756,9.887696907662018,-11.66479742630432,-2.9640222514166346
1774687618.9446054,9.838444840566195,-11.673583602817715,-2.964691000496367
1774687618.9946826,9.789140206576707,-11.682346823555132,-2.9653402616055393
1774687619.0445318,9.740054742976207,-11.691039994340885,-2.96596583579398
1774687619.0945415,9.690806360717364,-11.699731930517451,-2.9665738179836296
1774687619.144671,9.641434905517347,-11.708416285237725,-2.9671636902607332
1774687619.1945877,9.592268037834224,-11.717036466517275,-2.9677310342123446
1774687619.2446399,9.542963204990965,-11.725653577185708,-2.968281040035654
1774687619.2946248,9.49372022697996,-11.734233541308258,-2.968811440771064
1774687619.3445852,9.444496947024863,-11.742784683587784,-2.9693231845380437
1774687619.3945518,9.395263594340298,-11.75131307164865,-2.9698170870451785
1774687619.4445593,9.34598595651981,-11.759825440831813,-2.9702939138467936
1774687619.494572,9.296699372458306,-11.768316500682912,-2.970753579400993
1774687619.544594,9.24739982869266,-11.776787757320532,-2.9711964761271528
1774687619.5945485,9.19816340789662,-11.785226995783473,-2.9716221920989128
1774687619.6445715,9.148856112324733,-11.793657961605971,-2.9720325163696852
1774687619.6945696,9.099571674717891,-11.802075207761861,-2.9717541590700165
1774687619.744531,9.05032634042545,-11.810503838431925,-2.9715125243661444
1774687619.794599,9.000977953058094,-11.818962398714858,-2.971347692180698
1774687619.8446674,8.951630369950243,-11.827428235717512,-2.9712319807337977
1774687619.894543,8.902473968861687,-11.835866458090058,-2.9711445033133086
1774687619.9445996,8.853139621993776,-11.844339493145378,-2.971073340543604
1774687619.9946103,8.803851288924838,-11.852808870900095,-2.9710097870337204
1774687620.0445993,8.754584998890886,-11.8612788650197,-2.970949256949443
1774687620.0945654,8.70534226578549,-11.869749430759061,-2.9708891469247964
1774687620.1445847,8.656047796052883,-11.878233704213004,-2.9708280971069434
1774687620.1946611,8.606697703106915,-11.886732518146632,-2.9707654216700456
1774687620.2445643,8.557519328406434,-11.89520685103826,-2.9707010574573944
1774687620.2945592,8.508251359502692,-11.903701619005693,-2.970635144449443
1774687620.3445406,8.45899748249273,-11.91219898123019,-2.970567944436186
1774687620.3945625,8.40970465657744,-11.920707991092984,-2.970499758503926
1774687620.44462,8.360377726827782,-11.929227730250222,-2.9704309352859917
1774687620.494564,8.311163104741416,-11.93773283721531,-2.9703619968704977
1774687620.5446017,8.261857109635361,-11.946258273922572,-2.9702930867177333
1774687620.5946016,8.21258890507246,-11.954781634777099,-2.97022463754798
1774687620.6446369,8.163286695788278,-11.963315161823445,-2.9701568463306827
1774687620.6945035,8.114151391784176,-11.971823980845747,-2.9700902180624182
1774687620.7446034,8.06478694689255,-11.980376367742759,-2.9700244567109015
1774687620.794498,8.01562354804045,-11.988887783906868,-2.970650513403612
1774687620.8446376,7.9662128133737315,-11.997406383847627,-2.9713078728268205
1774687620.8946142,7.9169574145872055,-12.005865724788316,-2.9718814289004283
1774687620.9446282,7.8676606813856855,-12.014305225636976,-2.9723963471980914
1774687620.994527,7.818473223163928,-12.022701966427332,-2.972874276474107
1774687621.044631,7.769080099753823,-12.031110710816673,-2.9733315638301256
1774687621.0945773,7.719838554936576,-12.039470943865984,-2.973775105851084
1774687621.1445792,7.67053833654964,-12.047818343622271,-2.974211443512913
1774687621.1946476,7.621168795984816,-12.056154505248115,-2.97464381091973
1774687621.244591,7.571918628380615,-12.06444751405976,-2.9750724275702494
1774687621.294579,7.522620861437345,-12.07272547823353,-2.9754992073882844
1774687621.3446205,7.473266581701905,-12.080989863030767,-2.9759244815155443
1774687621.394554,7.4240150318370866,-12.089214147014024,-2.976346860454159
1774687621.4445853,7.3746632432374355,-12.09743240221755,-2.976767663144123
1774687621.494588,7.325336120658175,-12.105623988696307,-2.977185528394582
1774687621.5445642,7.2760314523828304,-12.11378956091318,-2.9776000321819462
1774687621.5945377,7.226725908518946,-12.121933293953836,-2.9780109493830613
1774687621.6446338,7.1772960613334496,-12.130075803951064,-2.978418912713443
1774687621.6945205,7.128069348584192,-12.138163489773968,-2.978820817853756
1774687621.744565,7.078683538830686,-12.14625629320299,-2.979219305516386
1774687621.7946458,7.029258487188212,-12.154334754657269,-2.979613101287962
1774687621.8445787,6.979976489380151,-12.162371415601653,-2.9798675938256336
1774687621.8945622,6.930642621666144,-12.17040387082762,-2.9801265590429558
1774687621.9445646,6.881288135036353,-12.178426187157688,-2.9803920170649403
1774687621.9946039,6.831894868623128,-12.186440861085497,-2.9806592194823165
1774687622.044583,6.782558588939992,-12.194432376310491,-2.9809240020029755
1774687622.094539,6.733243354509105,-12.202406880656916,-2.981184399409729
1774687622.144604,6.68381831740279,-12.210385913491702,-2.981439850429692
1774687622.1945384,6.634520055270022,-12.218331687300664,-2.9816880456595247
1774687622.2445767,6.5851174096900555,-12.22628195965299,-2.9819299035800206
1774687622.2945974,6.535730184554776,-12.234217828981084,-2.982164460961018
1774687622.3446016,6.486357551762858,-12.242139872113949,-2.9823916082830415
1774687622.3945694,6.437019163014837,-12.250045368854154,-2.9826112514081533
1774687622.4446037,6.387613290143847,-12.257951012078225,-2.9828239744875242
1774687622.4946058,6.33823769306391,-12.265841503655768,-2.983029342640269
1774687622.5446239,6.288844809978896,-12.273724839739474,-2.9832276940411706
1774687622.5945442,6.239546924057877,-12.281583465711206,-2.983418631572618
1774687622.6446075,6.190106383792219,-12.289455614255818,-2.9836033862131215
1774687622.6945357,6.140797817797185,-12.297297873463387,-2.983780846764948
1774687622.7445455,6.091407649807667,-12.305144581105209,-2.9839520758729168
1774687622.7945197,6.042051134474215,-12.312977722016603,-2.9841167264624633
1774687622.844542,5.992645853601609,-12.320810698182807,-2.984275249779374
1774687622.894587,5.943216115977548,-12.328634743467065,-2.984783360841265
1774687622.9445927,5.893820441802854,-12.336421663487215,-2.985596613653229
1774687622.994638,5.844378674395801,-12.344168964335545,-2.986686953740288
1774687623.044586,5.795024299465189,-12.351847142980349,-2.987718227712043
1774687623.0945892,5.745607747493914,-12.359485402025484,-2.988642891663759
1774687623.1445937,5.696183528698818,-12.367080926239927,-2.9894909994518404
1774687623.194511,5.646839477552321,-12.374623381830977,-2.9902847851448784
1774687623.2445974,5.597322129292037,-12.382153111824584,-2.9910424743948343
1774687623.2945857,5.5478962621426975,-12.389630694466266,-2.991769796397516
1774687623.3445985,5.498440672611595,-12.397075372531637,-2.992473630821199
1774687623.3945932,5.448997441083535,-12.40448153514,-2.9931566010389505
1774687623.4445996,5.399537587334789,-12.411854348077304,-2.9938208012089342
1774687623.4945383,5.350139579203541,-12.419183037798739,-2.9944660146160422
1774687623.5446002,5.300614692756202,-12.426496540022278,-2.9950951718857275
1774687623.5945578,5.251188496217443,-12.433762473829272,-2.9957053082862317
1774687623.6446269,5.201647210362813,-12.441013379568592,-2.9962991428178083
1774687623.694589,5.152207380334002,-12.448218566401469,-2.9968737315099996
1774687623.7445798,5.102734878823529,-12.455398812522093,-2.9974306552613954
1774687623.794632,5.0531976747970395,-12.462559781663812,-2.9979702318968906
1774687623.8445456,5.003793538012379,-12.469673987536536,-2.998489917842572
1774687623.8946342,4.954212481575837,-12.476787234672198,-2.998993420965119
1774687623.9445603,4.904788058790943,-12.483847163161593,-2.9998523155201466
1774687623.9945426,4.855301167350163,-12.490866058320472,-3.0010223107290446
1774687624.044608,4.805722701055488,-12.49783403323726,-3.002376829113743
1774687624.094532,4.756275324351354,-12.504715766487234,-3.003632476019931
1774687624.1445909,4.7066861812939855,-12.511556105077183,-3.00481186959921
1774687624.1946123,4.657126146148431,-12.518335134915306,-3.0059371292716808
1774687624.2446096,4.607582735731259,-12.525056683234553,-3.007024877962544
1774687624.29457,4.558068527337589,-12.531720194827276,-3.008085013642033
1774687624.344629,4.508449683141966,-12.538344260789897,-3.0091263240104875
1774687624.3945878,4.458923475789518,-12.544902975436381,-3.0101483871677868
1774687624.444548,4.409388785945456,-12.55141049774964,-3.0111550041901025
1774687624.4945884,4.35976790855508,-12.557877517884458,-3.0121486702828064
1774687624.544606,4.310163261827604,-12.564291225329079,-3.013127573887914
1774687624.5946164,4.260559315403465,-12.570654453417081,-3.014091885784762
1774687624.644589,4.210986662814004,-12.57696416251695,-3.015040722992482
1774687624.6945944,4.1613753875044734,-12.583230159914502,-3.0159751192013515
1774687624.744594,4.111763894865534,-12.5894484367957,-3.016893924934555
1774687624.794518,4.062221643059718,-12.595611321252079,-3.017795387832078
1774687624.8445492,4.012567619919923,-12.601742301997175,-3.018682657438375
1774687624.8944972,3.9629906499807084,-12.607818908732499,-3.0195518035561113
1774687624.9446192,3.9132354859494236,-12.61387337262836,-3.020407277618308
1774687624.9945898,3.8636250875589737,-12.619861791818773,-3.0216160504969167
1774687625.0445938,3.813973335617747,-12.625787787344152,-3.0231351990080544
1774687625.094569,3.764340653534369,-12.631628982574744,-3.024933140717015
1774687625.1445591,3.7146820548608948,-12.637377551451278,-3.0269915767781526
1774687625.194561,3.6649997351753116,-12.643020837807178,-3.029298633811495
1774687625.2445924,3.615274452704827,-12.648548831508545,-3.0318480327513364
1774687625.2946198,3.5655389491783938,-12.653945746140142,-3.0346349645485353
1774687625.3445914,3.5158436458733457,-12.659194811052478,-3.0376120148979147
1774687625.3946168,3.4660796591655583,-12.664303533747514,-3.0403871528415
1774687625.4445698,3.4163739406242986,-12.66927008957279,-3.0429950264049146
1774687625.494589,3.3665897335882846,-12.674115365597189,-3.0454864930564196
1774687625.544549,3.316852927205841,-12.678831217004914,-3.047885396223568
1774687625.5945778,3.2670361118218922,-12.68343275696475,-3.0502150099653402
1774687625.6445925,3.217222268727721,-12.687914554006852,-3.052482112923688
1774687625.6945798,3.1674258054198305,-12.692277937084075,-3.0546916552362235
1774687625.7445955,3.117590998776725,-12.696530413430686,-3.056849168964343
1774687625.7945597,3.0677983132908566,-12.700667715010148,-3.058962108097445
1774687625.8445563,3.0179645149737504,-12.704699198826003,-3.0610380773622556
1774687625.8945985,2.968076623740837,-12.708627946764254,-3.063075631382661
1774687625.9445407,2.918280328736038,-12.712444957889058,-3.065075050774671
1774687625.994628,2.8683318462411065,-12.716171110591402,-3.067051747133201
1774687626.0445395,2.818551645351154,-12.719789859829524,-3.0685982086375767
1774687626.0945942,2.7686228556568877,-12.723341974135195,-3.0701752640740807
1774687626.144547,2.7187905189107697,-12.726806842260688,-3.0717748884873743
1774687626.1945832,2.6688691567606604,-12.730196190142234,-3.0733854186949383
1774687626.2445478,2.619013724145756,-12.733499531576776,-3.074987249840723
1774687626.2945669,2.569098871611477,-12.736726377035817,-3.0765761483650587
1774687626.3445716,2.519193321431593,-12.739873541247121,-3.078144037317473
1774687626.3945343,2.46932453494971,-12.742941001846994,-3.079686536107614
1774687626.4445572,2.4193916256132533,-12.745936584171625,-3.0812050407637948
1774687626.4946127,2.369421469347827,-12.748860001437558,-3.082697290226288
1774687626.5445893,2.3195259591745567,-12.751706305179772,-3.084158876205651
1774687626.5946054,2.2695868793484317,-12.754483904487387,-3.085593368800571
1774687626.644577,2.2196886076258733,-12.75718953313092,-3.0869979950498303
1774687626.6945605,2.1697748077378174,-12.759827777425134,-3.088374531047012
1774687626.7445571,2.1198445892783453,-12.76240001776693,-3.089723075472809
1774687626.7945817,2.069882821454482,-12.764908330453105,-3.0910441438442677
1774687626.844605,2.019919343583397,-12.767352534933442,-3.092336973359863
1774687626.8946226,1.969958550061087,-12.769733788600453,-3.093601617473098
1774687626.9445643,1.920070534195228,-12.772050274116364,-3.094836387640762
1774687626.99459,1.8700958556238585,-12.77431073922519,-3.0960459246763588
1774687627.0445774,1.8201571012379543,-12.776510863647644,-3.0972270872119725
1774687627.0946324,1.7701484167165507,-12.778666077675478,-3.097725627727516
1774687627.1445813,1.7202451392692333,-12.780800099055691,-3.097982009157643
1774687627.1945267,1.6703451147976933,-12.782921770795397,-3.0984014966789073
1774687627.244574,1.6203419589400576,-12.78502472920585,-3.0989540689574313
1774687627.294552,1.5704068177599517,-12.787095243816143,-3.0995959354253304
1774687627.3445795,1.5204209057117564,-12.789134669579536,-3.100302269083134
1774687627.39458,1.4704608420586929,-12.791137805544766,-3.101054443499948
1774687627.4445798,1.4204994729217488,-12.793104363326812,-3.1018421592430405
1774687627.4945354,1.370581110913381,-12.795031509582975,-3.102657866202324
1774687627.544611,1.32054142027964,-12.796924366291421,-3.103499932968305
1774687627.594579,1.2706077247280225,-12.798773279190522,-3.104361850018523
1774687627.6445353,1.2206841915650037,-12.80058078322161,-3.105243461341597
1774687627.6945515,1.1706993130398278,-12.802348238924877,-3.1061445703222077
1774687627.744598,1.1206826362795206,-12.80407335010773,-3.107063720345489
1774687627.7946615,1.070647221129903,-12.805754464255154,-3.107999920689813
1774687627.8446338,1.020701632626369,-12.807386972206924,-3.1089505295171955
1774687627.8945787,0.9707819515600413,-12.808972041159576,-3.109915829248193
1774687627.9446218,0.9207625976444244,-12.810512524382974,-3.110897234684368
1774687627.99454,0.8708667417568875,-12.812000702074803,-3.111891084583572
1774687628.0445845,0.8208431165834976,-12.813443039752263,-3.112902660987006
1774687628.0946054,0.7708414317444751,-12.814834156705828,-3.113927974674142
1774687628.1445363,0.7209286469916464,-12.816171478610967,-3.1149689857558425
1774687628.1945884,0.6708929587845757,-12.817459234841095,-3.1160518489284765
1774687628.2445722,0.6209245070207036,-12.818690523907796,-3.117155920884778
1774687628.294548,0.5709624269656508,-12.819865360086075,-3.118313654577087
1774687628.3446016,0.5209214689863664,-12.820982808385294,-3.1195205920286546
1774687628.3945744,0.4709597460702414,-12.822037026103027,-3.1207671129732844
1774687628.4445958,0.4209483106739553,-12.823028804477625,-3.122051354222132
1774687628.494625,0.3709276744952119,-12.823955128845316,-3.123390784292399
1774687628.5446017,0.3209583533768167,-12.824811861026184,-3.1248006545688374
1774687628.5945408,0.2710254379818004,-12.825595823403022,-3.1262729902647663
1774687628.6445909,0.22098057316889974,-12.826306088087215,-3.1278042319699564
1774687628.6945672,0.17100819109247947,-12.826937214657582,-3.129384237114906
1774687628.7446074,0.12097103740382383,-12.827487991177781,-3.1310474459497093
1774687628.7945607,0.07101998606480468,-12.82795246546573,-3.1327910830198578
1774687628.8446023,0.020979646848399227,-12.828328156420142,-3.1346112752493682
1774687628.8945882,-0.02900551962164361,-12.828610226452568,-3.1364962271898142
1774687628.944622,-0.07903898928206034,-12.828796006489512,-3.1384475214253365
1774687628.9945848,-0.12900166428301682,-12.82888125188297,-3.1404966130639203
1774687629.0446184,-0.1790351603765235,-12.828861116683164,3.1405465828832586
1774687629.0945666,-0.22898332406397517,-12.828731150376822,3.13832669812356
1774687629.1445856,-0.2790018107035842,-12.828487114508924,3.136030677653106
1774687629.1945,-0.3289149491234241,-12.828126011731847,3.133653386177647
1774687629.244544,-0.37895658815914796,-12.827641501545093,3.1311658646842666
1774687629.2945654,-0.42897438768540475,-12.827034830368993,3.128975981087976
1774687629.3445454,-0.4789492362434011,-12.826316087318988,3.126583074628365
1774687629.3945792,-0.5289759803008879,-12.825471477439226,3.123994835333759
1774687629.444572,-0.578959356168385,-12.824492527603494,3.121248181150955
1774687629.4945993,-0.6289742984543409,-12.82337027479224,3.118363534212653
1774687629.5445886,-0.6789474526979198,-12.822100079668648,3.1153616104705417
1774687629.5945835,-0.7289222161429215,-12.820675578235466,3.1122527385405565
1774687629.6445837,-0.7788974516915361,-12.81909175426621,3.109046618137647
1774687629.6945717,-0.8288550475126263,-12.817344533211356,3.105751928798276
1774687629.7445893,-0.8788361300831369,-12.81542804430782,3.1023728722023556
1774687629.7945082,-0.9287117799515013,-12.813343315386376,3.0989229572925847
1774687629.84461,-0.9787623564331196,-12.811073522942477,3.0953160909852535
1774687629.8945737,-1.0286662231432262,-12.808624585438512,3.0915602218045493
1774687629.9445539,-1.078576782995178,-12.805982032370869,3.08766418263075
1774687629.994616,-1.1285582535598573,-12.803135172762616,3.083639612414614
1774687630.0445993,-1.1784489066517225,-12.800087063072011,3.0795095619447768
1774687630.0945752,-1.2283188075163616,-12.796828755295888,3.0752790724052588
1774687630.144544,-1.2781668810877393,-12.793355463234041,3.0709568348302474
1774687630.1945655,-1.3280522392739702,-12.789658247458975,3.0665454912933416
1774687630.244632,-1.377964830243439,-12.785732858070396,3.0620520282158434
1774687630.294562,-1.427723348879033,-12.78158999880888,3.057497284307095
1774687630.344543,-1.4775123092331668,-12.777210930491977,3.052821661289487
1774687630.39449,-1.527246291753054,-12.772596112666813,3.0479945861038864
1774687630.4446332,-1.577151881133055,-12.76771582350555,3.0430149231972257
1774687630.4945881,-1.6268446293389254,-12.762600361637116,3.037933877687786
1774687630.5445635,-1.6765308043044298,-12.75722481811911,3.03274671972153
1774687630.5945282,-1.7261770836908188,-12.751587699324883,3.02746803209965
1774687630.6445837,-1.775882505511424,-12.745672827925565,3.0220970922420607
1774687630.694552,-1.825468250073705,-12.739497037585453,3.016659130851724
1774687630.7445972,-1.8750953377282624,-12.733037050402649,3.0111453714820113
1774687630.7945504,-1.924594271794479,-12.726311354510548,3.005579897308456
1774687630.844527,-1.9740776954553951,-12.719302155550432,2.999930372851412
1774687630.8945906,-2.023605690202186,-12.711994800334192,2.994126104231447
1774687630.944545,-2.072981944753369,-12.704410563219186,2.9882072922957796
1774687630.9946165,-2.122426879127637,-12.696510016290679,2.9821683741891425
1774687631.0445771,-2.171713013171422,-12.688323906821116,2.976049445153654
1774687631.0945854,-2.2209941717606467,-12.679823471415862,2.9698446025134135
1774687631.1445715,-2.2701991567194835,-12.671016748770858,2.9635717894834013
1774687631.1945586,-2.3193480977003493,-12.661897072921844,2.957236871041558
1774687631.2445605,-2.368452142828072,-12.65245923974891,2.9508459222240617
1774687631.2945697,-2.4175011115159157,-12.642702323470031,2.9444069293436943
1774687631.3445516,-2.466458469712951,-12.632631412442027,2.93792892086318
1774687631.394554,-2.5153688601032327,-12.622234022224234,2.9313140730282
1774687631.4445517,-2.5642035124038007,-12.611508941127083,2.9245850054635785
1774687631.4945567,-2.6129707504111632,-12.600448799972714,2.917760247890792
1774687631.5446172,-2.661714346746616,-12.589038696489204,2.910849042305376
1774687631.5945654,-2.710267881511932,-12.577314207083338,2.9038855251429814
1774687631.644559,-2.758781503403582,-12.565237229740312,2.896859495115657
1774687631.6945515,-2.8072074720630584,-12.552816297971058,2.8897858227086726
1774687631.7446184,-2.855615088436577,-12.540030675098443,2.88266201635454
1774687631.7945604,-2.9038089804865277,-12.526930154647552,2.875522279070621
1774687631.8445687,-2.9519710790238953,-12.513464970626018,2.8683474460439813
1774687631.8945565,-3.000015013458815,-12.499657553316524,2.8611792433044174
1774687631.9446373,-3.0480470686630428,-12.485477175481094,2.8540062674496083
1774687631.9945512,-3.0958156792922242,-12.47099879183541,2.846859484957079
1774687632.0445812,-3.1435895379666565,-12.456142455936819,2.839695890456425
1774687632.094601,-3.1912452840105487,-12.440944759057691,2.8325311842724084
1774687632.144608,-3.238778100181899,-12.425407478220142,2.8253649788496507
1774687632.19456,-3.286145267733868,-12.40954528158124,2.8182032894532494
1774687632.2446022,-3.3334820152336118,-12.393312783936132,2.811025836351556
1774687632.2945693,-3.380629585903173,-12.376763850524641,2.803856613051747
1774687632.3446028,-3.427719116160494,-12.359853022687645,2.7966762035592145
1774687632.3945065,-3.4745635352260926,-12.342647934738407,2.7895133915223225
1774687632.4445558,-3.5214193773189906,-12.3250549869018,2.7823296022627675
1774687632.4945147,-3.5680628060623807,-12.307157128352996,2.775159347531348
1774687632.5445695,-3.61466522420447,-12.288889231208483,2.767976817492987
1774687632.5946105,-3.661122155625656,-12.270291210607875,2.760798419882196
1774687632.6445997,-3.707396180552169,-12.251379141298038,2.7536304101634776
1774687632.6946013,-3.7535447534935065,-12.232130514117548,2.7464643624016762
1774687632.7445996,-3.7995506940146253,-12.212552680455026,2.739303352540503
1774687632.794503,-3.845328339081389,-12.192683531748482,2.7321612172849363
1774687632.8445778,-3.89111933166741,-12.172418121264643,2.7250006403373614
1774687632.8945417,-3.936662865121839,-12.151870938799009,2.717862879334662
1774687632.9445274,-3.9820781848212388,-12.130990140162439,2.7107298371747586
1774687632.9946792,-4.027493925690485,-12.10971491258962,2.7035817322479545
1774687633.044597,-4.072545128699459,-12.088216965556375,2.696476887680448
1774687633.0946364,-4.1175519946257815,-12.066346311512303,2.6893655057924644
1774687633.144557,-4.162295959531482,-12.04420929589662,2.682283085345663
1774687633.1945612,-4.206956610155832,-12.02171863003193,2.675202106008334
1774687633.244531,-4.251426278848847,-11.998928472360335,2.6681408454902833
1774687633.294582,-4.295806319187858,-11.975787374936433,2.6610844776583953
1774687633.3445752,-4.339971124992639,-11.952361304591845,2.6540547229198648
1774687633.394538,-4.3839435788040495,-11.928640485511496,2.647049912708839
1774687633.4445398,-4.42778325675259,-11.904594020429313,2.6400627458855555
1774687633.494581,-4.471488634850971,-11.880223116470562,2.633096190955495
1774687633.5445843,-4.514990611770029,-11.855567794259686,2.626164788826568
1774687633.594531,-4.554600665968667,-11.832597878923877,2.6199245488521203
1774687633.6445785,-4.591413226410781,-11.81088869529903,2.614272208222462
1774687633.6945434,-4.625809168442048,-11.790348782083871,2.609179209105628
1774687633.74461,-4.658211712582118,-11.770813408243015,2.604588307865887
1774687633.7945564,-4.688584565602263,-11.752361741687325,2.600505959599613
1774687633.8445983,-4.717134804404684,-11.734910194011825,2.5968942533800563
1774687633.894583,-4.743759523964505,-11.718551200535355,2.59363291578724
1774687633.9446006,-4.768498903716229,-11.703277301645862,2.590400161492484
1774687633.994565,-4.791270413506109,-11.689146277609764,2.587210587041902
1774687634.044575,-4.812099188127417,-11.676153116256472,2.5840944515644724
1774687634.0945535,-4.83091719715176,-11.664354553736622,2.5810872894804753
1774687634.1445978,-4.84774665539499,-11.653752023300658,2.5781987739529875
1774687634.1945846,-4.862968115062574,-11.644131566590879,2.575448573608761
